{
  "definitions": {
    "CatalogService": {
      "@source": "srv/catalog-service.cds",
      "kind": "service"
    },
    "CatalogService.Products": {
      "kind": "entity",
      "@cds.persistence.skip": true,
      "@open": true,
      "@Org.OData.Display.V1.Description": "All Products available in the online store",
      "projection": {
        "from": {
          "ref": [
            "Northwind.Products"
          ]
        },
        "columns": [
          {
            "key": true,
            "ref": [
              "ID"
            ]
          },
          {
            "ref": [
              "Name"
            ]
          },
          {
            "ref": [
              "Description"
            ]
          },
          {
            "ref": [
              "ReleaseDate"
            ]
          },
          {
            "ref": [
              "DiscontinuedDate"
            ]
          },
          {
            "ref": [
              "Rating"
            ]
          },
          {
            "ref": [
              "Price"
            ]
          }
        ]
      },
      "elements": {
        "ID": {
          "key": true,
          "type": "cds.Integer",
          "notNull": true
        },
        "Name": {
          "@Org.OData.Display.V1.DisplayName": "Product Name",
          "type": "cds.LargeString"
        },
        "Description": {
          "type": "cds.LargeString"
        },
        "ReleaseDate": {
          "@odata.Precision": 0,
          "@odata.Type": "Edm.DateTimeOffset",
          "type": "cds.DateTime",
          "notNull": true
        },
        "DiscontinuedDate": {
          "@odata.Precision": 0,
          "@odata.Type": "Edm.DateTimeOffset",
          "type": "cds.DateTime"
        },
        "Rating": {
          "type": "cds.Integer",
          "notNull": true
        },
        "Price": {
          "type": "cds.Double",
          "notNull": true
        }
      }
    },
    "CatalogService.PersonDetail": {
      "kind": "entity",
      "@cds.persistence.skip": true,
      "projection": {
        "from": {
          "ref": [
            "Northwind.PersonDetails"
          ]
        },
        "columns": [
          {
            "key": true,
            "ref": [
              "PersonID"
            ]
          },
          {
            "ref": [
              "Age"
            ]
          },
          {
            "ref": [
              "Gender"
            ]
          },
          {
            "ref": [
              "Phone"
            ]
          }
        ]
      },
      "elements": {
        "PersonID": {
          "key": true,
          "type": "cds.Integer",
          "notNull": true
        },
        "Age": {
          "@odata.Type": "Edm.Byte",
          "type": "cds.Integer",
          "notNull": true
        },
        "Gender": {
          "type": "cds.Boolean",
          "notNull": true
        },
        "Phone": {
          "type": "cds.LargeString"
        }
      }
    },
    "Northwind.FeaturedProduct": {
      "kind": "entity",
      "@cds.external": true,
      "@cds.persistence.skip": true,
      "@open": true,
      "@Org.OData.Display.V1.Description": "All Products available in the online store",
      "includes": [
        "Northwind.Products"
      ],
      "elements": {
        "ID": {
          "key": true,
          "type": "cds.Integer",
          "notNull": true
        },
        "Name": {
          "@Org.OData.Display.V1.DisplayName": "Product Name",
          "type": "cds.LargeString"
        },
        "Description": {
          "type": "cds.LargeString"
        },
        "ReleaseDate": {
          "@odata.Precision": 0,
          "@odata.Type": "Edm.DateTimeOffset",
          "type": "cds.DateTime",
          "notNull": true
        },
        "DiscontinuedDate": {
          "@odata.Precision": 0,
          "@odata.Type": "Edm.DateTimeOffset",
          "type": "cds.DateTime"
        },
        "Rating": {
          "type": "cds.Integer",
          "notNull": true
        },
        "Price": {
          "type": "cds.Double",
          "notNull": true
        },
        "Categories": {
          "@cds.ambiguous": "missing on condition?",
          "type": "cds.Association",
          "cardinality": {
            "max": "*"
          },
          "target": "Northwind.Categories",
          "keys": []
        },
        "Supplier": {
          "@cds.ambiguous": "missing on condition?",
          "type": "cds.Association",
          "cardinality": {
            "max": 1
          },
          "target": "Northwind.Suppliers",
          "keys": []
        },
        "ProductDetail": {
          "@cds.ambiguous": "missing on condition?",
          "type": "cds.Association",
          "cardinality": {
            "max": 1
          },
          "target": "Northwind.ProductDetails",
          "keys": []
        },
        "Advertisement": {
          "@cds.ambiguous": "missing on condition?",
          "type": "cds.Association",
          "cardinality": {
            "max": 1
          },
          "target": "Northwind.Advertisements",
          "keys": []
        }
      }
    },
    "Northwind.Customer": {
      "kind": "entity",
      "@cds.external": true,
      "@cds.persistence.skip": true,
      "@open": true,
      "includes": [
        "Northwind.Persons"
      ],
      "elements": {
        "ID": {
          "key": true,
          "type": "cds.Integer",
          "notNull": true
        },
        "Name": {
          "type": "cds.LargeString"
        },
        "PersonDetail": {
          "@cds.ambiguous": "missing on condition?",
          "type": "cds.Association",
          "cardinality": {
            "max": 1
          },
          "target": "Northwind.PersonDetails",
          "keys": []
        },
        "TotalExpense": {
          "type": "cds.Decimal",
          "notNull": true
        }
      }
    },
    "Northwind.Employee": {
      "kind": "entity",
      "@cds.external": true,
      "@cds.persistence.skip": true,
      "@open": true,
      "includes": [
        "Northwind.Persons"
      ],
      "elements": {
        "ID": {
          "key": true,
          "type": "cds.Integer",
          "notNull": true
        },
        "Name": {
          "type": "cds.LargeString"
        },
        "PersonDetail": {
          "@cds.ambiguous": "missing on condition?",
          "type": "cds.Association",
          "cardinality": {
            "max": 1
          },
          "target": "Northwind.PersonDetails",
          "keys": []
        },
        "EmployeeID": {
          "type": "cds.Integer64",
          "notNull": true
        },
        "HireDate": {
          "@odata.Precision": 0,
          "@odata.Type": "Edm.DateTimeOffset",
          "type": "cds.DateTime",
          "notNull": true
        },
        "Salary": {
          "@odata.Type": "Edm.Single",
          "type": "cds.Double",
          "notNull": true
        }
      }
    },
    "Northwind.Address": {
      "kind": "type",
      "@cds.external": true,
      "elements": {
        "Street": {
          "type": "cds.LargeString"
        },
        "City": {
          "type": "cds.LargeString"
        },
        "State": {
          "type": "cds.LargeString"
        },
        "ZipCode": {
          "type": "cds.LargeString"
        },
        "Country": {
          "type": "cds.LargeString"
        }
      }
    },
    "Northwind": {
      "@source": "srv/external/Northwind.csn",
      "kind": "service",
      "@cds.external": true,
      "@Org.OData.Display.V1.Description": "This is a sample OData service with vocabularies"
    },
    "Northwind.Products": {
      "kind": "entity",
      "@cds.external": true,
      "@cds.persistence.skip": true,
      "@open": true,
      "@Org.OData.Display.V1.Description": "All Products available in the online store",
      "elements": {
        "ID": {
          "key": true,
          "type": "cds.Integer",
          "notNull": true
        },
        "Name": {
          "@Org.OData.Display.V1.DisplayName": "Product Name",
          "type": "cds.LargeString"
        },
        "Description": {
          "type": "cds.LargeString"
        },
        "ReleaseDate": {
          "@odata.Precision": 0,
          "@odata.Type": "Edm.DateTimeOffset",
          "type": "cds.DateTime",
          "notNull": true
        },
        "DiscontinuedDate": {
          "@odata.Precision": 0,
          "@odata.Type": "Edm.DateTimeOffset",
          "type": "cds.DateTime"
        },
        "Rating": {
          "type": "cds.Integer",
          "notNull": true
        },
        "Price": {
          "type": "cds.Double",
          "notNull": true
        },
        "Categories": {
          "@cds.ambiguous": "missing on condition?",
          "type": "cds.Association",
          "cardinality": {
            "max": "*"
          },
          "target": "Northwind.Categories",
          "keys": []
        },
        "Supplier": {
          "@cds.ambiguous": "missing on condition?",
          "type": "cds.Association",
          "cardinality": {
            "max": 1
          },
          "target": "Northwind.Suppliers",
          "keys": []
        },
        "ProductDetail": {
          "@cds.ambiguous": "missing on condition?",
          "type": "cds.Association",
          "cardinality": {
            "max": 1
          },
          "target": "Northwind.ProductDetails",
          "keys": []
        }
      }
    },
    "Northwind.ProductDetails": {
      "kind": "entity",
      "@cds.external": true,
      "@cds.persistence.skip": true,
      "elements": {
        "ProductID": {
          "key": true,
          "type": "cds.Integer",
          "notNull": true
        },
        "Details": {
          "type": "cds.LargeString"
        },
        "Product": {
          "@cds.ambiguous": "missing on condition?",
          "type": "cds.Association",
          "cardinality": {
            "max": 1
          },
          "target": "Northwind.Products",
          "keys": []
        }
      }
    },
    "Northwind.Categories": {
      "kind": "entity",
      "@cds.external": true,
      "@cds.persistence.skip": true,
      "@open": true,
      "elements": {
        "ID": {
          "key": true,
          "type": "cds.Integer",
          "notNull": true
        },
        "Name": {
          "type": "cds.LargeString"
        },
        "Products": {
          "@cds.ambiguous": "missing on condition?",
          "type": "cds.Association",
          "cardinality": {
            "max": "*"
          },
          "target": "Northwind.Products",
          "keys": []
        }
      }
    },
    "Northwind.Suppliers": {
      "kind": "entity",
      "@cds.external": true,
      "@cds.persistence.skip": true,
      "@Org.OData.Publication.V1.PublisherName": "Microsoft Corp.",
      "@Org.OData.Publication.V1.PublisherId": "MSFT",
      "@Org.OData.Publication.V1.Keywords": "Inventory, Supplier, Advertisers, Sales, Finance",
      "@Org.OData.Publication.V1.AttributionUrl": "http://www.odata.org/",
      "@Org.OData.Publication.V1.AttributionDescription": "All rights reserved",
      "@Org.OData.Publication.V1.DocumentationUrl ": "http://www.odata.org/",
      "@Org.OData.Publication.V1.TermsOfUseUrl": "All rights reserved",
      "@Org.OData.Publication.V1.PrivacyPolicyUrl": "http://www.odata.org/",
      "@Org.OData.Publication.V1.LastModified": "4/2/2013",
      "@Org.OData.Publication.V1.ImageUrl ": "http://www.odata.org/",
      "elements": {
        "ID": {
          "key": true,
          "type": "cds.Integer",
          "notNull": true
        },
        "Name": {
          "type": "cds.LargeString"
        },
        "Address": {
          "type": "Northwind.Address"
        },
        "Location": {
          "@odata.Type": "Edm.GeographyPoint",
          "type": "cds.String"
        },
        "Concurrency": {
          "type": "cds.Integer",
          "notNull": true
        },
        "Products": {
          "@cds.ambiguous": "missing on condition?",
          "type": "cds.Association",
          "cardinality": {
            "max": "*"
          },
          "target": "Northwind.Products",
          "keys": []
        }
      }
    },
    "Northwind.Persons": {
      "kind": "entity",
      "@cds.external": true,
      "@cds.persistence.skip": true,
      "@open": true,
      "elements": {
        "ID": {
          "key": true,
          "type": "cds.Integer",
          "notNull": true
        },
        "Name": {
          "type": "cds.LargeString"
        },
        "PersonDetail": {
          "@cds.ambiguous": "missing on condition?",
          "type": "cds.Association",
          "cardinality": {
            "max": 1
          },
          "target": "Northwind.PersonDetails",
          "keys": []
        }
      }
    },
    "Northwind.PersonDetails": {
      "kind": "entity",
      "@cds.external": true,
      "@cds.persistence.skip": true,
      "elements": {
        "PersonID": {
          "key": true,
          "type": "cds.Integer",
          "notNull": true
        },
        "Age": {
          "@odata.Type": "Edm.Byte",
          "type": "cds.Integer",
          "notNull": true
        },
        "Gender": {
          "type": "cds.Boolean",
          "notNull": true
        },
        "Phone": {
          "type": "cds.LargeString"
        },
        "Address": {
          "type": "Northwind.Address"
        },
        "Photo": {
          "@Core.MediaType": "application/octet-stream",
          "@odata.Type": "Edm.Stream",
          "type": "cds.LargeBinary",
          "notNull": true
        },
        "Person": {
          "@cds.ambiguous": "missing on condition?",
          "type": "cds.Association",
          "cardinality": {
            "max": 1
          },
          "target": "Northwind.Persons",
          "keys": []
        }
      }
    },
    "Northwind.Advertisements": {
      "kind": "entity",
      "@cds.external": true,
      "@cds.persistence.skip": true,
      "elements": {
        "ID": {
          "key": true,
          "type": "cds.UUID",
          "notNull": true
        },
        "Name": {
          "type": "cds.LargeString"
        },
        "AirDate": {
          "@odata.Precision": 0,
          "@odata.Type": "Edm.DateTimeOffset",
          "type": "cds.DateTime",
          "notNull": true
        },
        "FeaturedProduct": {
          "@cds.ambiguous": "missing on condition?",
          "type": "cds.Association",
          "cardinality": {
            "max": 1
          },
          "target": "Northwind.FeaturedProduct",
          "keys": []
        },
        "blob": {
          "@Core.MediaType": "application/octet-stream",
          "type": "cds.LargeBinary"
        }
      }
    }
  },
  "meta": {
    "creator": "CDS Compiler v4.4.4",
    "flavor": "inferred"
  },
  "$version": "2.0"
}