<?xml version="1.0" encoding="utf-8"?>
<edmx:Edmx Version="4.0" xmlns:edmx="http://docs.oasis-open.org/odata/ns/edmx">
  <edmx:Reference Uri="https://sap.github.io/odata-vocabularies/vocabularies/Common.xml">
    <edmx:Include Alias="Common" Namespace="com.sap.vocabularies.Common.v1"/>
  </edmx:Reference>
  <edmx:Reference Uri="https://oasis-tcs.github.io/odata-vocabularies/vocabularies/Org.OData.Core.V1.xml">
    <edmx:Include Alias="Core" Namespace="Org.OData.Core.V1"/>
  </edmx:Reference>
  <edmx:DataServices>
    <Schema Namespace="Northwind" xmlns="http://docs.oasis-open.org/odata/ns/edm">
      <EntityContainer Name="EntityContainer">
        <EntitySet Name="FeaturedProduct" EntityType="Northwind.FeaturedProduct">
          <NavigationPropertyBinding Path="Categories" Target="Categories"/>
          <NavigationPropertyBinding Path="Supplier" Target="Suppliers"/>
          <NavigationPropertyBinding Path="ProductDetail" Target="ProductDetails"/>
          <NavigationPropertyBinding Path="Advertisement" Target="Advertisements"/>
        </EntitySet>
        <EntitySet Name="Customer" EntityType="Northwind.Customer">
          <NavigationPropertyBinding Path="PersonDetail" Target="PersonDetails"/>
        </EntitySet>
        <EntitySet Name="Employee" EntityType="Northwind.Employee">
          <NavigationPropertyBinding Path="PersonDetail" Target="PersonDetails"/>
        </EntitySet>
        <EntitySet Name="Products" EntityType="Northwind.Products">
          <NavigationPropertyBinding Path="Categories" Target="Categories"/>
          <NavigationPropertyBinding Path="Supplier" Target="Suppliers"/>
          <NavigationPropertyBinding Path="ProductDetail" Target="ProductDetails"/>
        </EntitySet>
        <EntitySet Name="ProductDetails" EntityType="Northwind.ProductDetails">
          <NavigationPropertyBinding Path="Product" Target="Products"/>
        </EntitySet>
        <EntitySet Name="Categories" EntityType="Northwind.Categories">
          <NavigationPropertyBinding Path="Products" Target="Products"/>
        </EntitySet>
        <EntitySet Name="Suppliers" EntityType="Northwind.Suppliers">
          <NavigationPropertyBinding Path="Products" Target="Products"/>
        </EntitySet>
        <EntitySet Name="Persons" EntityType="Northwind.Persons">
          <NavigationPropertyBinding Path="PersonDetail" Target="PersonDetails"/>
        </EntitySet>
        <EntitySet Name="PersonDetails" EntityType="Northwind.PersonDetails">
          <NavigationPropertyBinding Path="Person" Target="Persons"/>
        </EntitySet>
        <EntitySet Name="Advertisements" EntityType="Northwind.Advertisements">
          <NavigationPropertyBinding Path="FeaturedProduct" Target="FeaturedProduct"/>
        </EntitySet>
      </EntityContainer>
      <EntityType Name="FeaturedProduct" OpenType="true">
        <Key>
          <PropertyRef Name="ID"/>
        </Key>
        <Property Name="ID" Type="Edm.Int32" Nullable="false"/>
        <Property Name="Name" Type="Edm.String"/>
        <Property Name="Description" Type="Edm.String"/>
        <Property Name="ReleaseDate" Type="Edm.DateTimeOffset" Precision="0" Nullable="false"/>
        <Property Name="DiscontinuedDate" Type="Edm.DateTimeOffset" Precision="0"/>
        <Property Name="Rating" Type="Edm.Int32" Nullable="false"/>
        <Property Name="Price" Type="Edm.Double" Nullable="false"/>
        <NavigationProperty Name="Categories" Type="Collection(Northwind.Categories)"/>
        <NavigationProperty Name="Supplier" Type="Northwind.Suppliers"/>
        <NavigationProperty Name="ProductDetail" Type="Northwind.ProductDetails"/>
        <NavigationProperty Name="Advertisement" Type="Northwind.Advertisements"/>
      </EntityType>
      <EntityType Name="Customer" OpenType="true">
        <Key>
          <PropertyRef Name="ID"/>
        </Key>
        <Property Name="ID" Type="Edm.Int32" Nullable="false"/>
        <Property Name="Name" Type="Edm.String"/>
        <NavigationProperty Name="PersonDetail" Type="Northwind.PersonDetails"/>
        <Property Name="TotalExpense" Type="Edm.Decimal" Nullable="false" Scale="variable"/>
      </EntityType>
      <EntityType Name="Employee" OpenType="true">
        <Key>
          <PropertyRef Name="ID"/>
        </Key>
        <Property Name="ID" Type="Edm.Int32" Nullable="false"/>
        <Property Name="Name" Type="Edm.String"/>
        <NavigationProperty Name="PersonDetail" Type="Northwind.PersonDetails"/>
        <Property Name="EmployeeID" Type="Edm.Int64" Nullable="false"/>
        <Property Name="HireDate" Type="Edm.DateTimeOffset" Precision="0" Nullable="false"/>
        <Property Name="Salary" Type="Edm.Single" Nullable="false"/>
      </EntityType>
      <EntityType Name="Products" OpenType="true">
        <Key>
          <PropertyRef Name="ID"/>
        </Key>
        <Property Name="ID" Type="Edm.Int32" Nullable="false"/>
        <Property Name="Name" Type="Edm.String"/>
        <Property Name="Description" Type="Edm.String"/>
        <Property Name="ReleaseDate" Type="Edm.DateTimeOffset" Precision="0" Nullable="false"/>
        <Property Name="DiscontinuedDate" Type="Edm.DateTimeOffset" Precision="0"/>
        <Property Name="Rating" Type="Edm.Int32" Nullable="false"/>
        <Property Name="Price" Type="Edm.Double" Nullable="false"/>
        <NavigationProperty Name="Categories" Type="Collection(Northwind.Categories)"/>
        <NavigationProperty Name="Supplier" Type="Northwind.Suppliers"/>
        <NavigationProperty Name="ProductDetail" Type="Northwind.ProductDetails"/>
      </EntityType>
      <EntityType Name="ProductDetails">
        <Key>
          <PropertyRef Name="ProductID"/>
        </Key>
        <Property Name="ProductID" Type="Edm.Int32" Nullable="false"/>
        <Property Name="Details" Type="Edm.String"/>
        <NavigationProperty Name="Product" Type="Northwind.Products"/>
      </EntityType>
      <EntityType Name="Categories" OpenType="true">
        <Key>
          <PropertyRef Name="ID"/>
        </Key>
        <Property Name="ID" Type="Edm.Int32" Nullable="false"/>
        <Property Name="Name" Type="Edm.String"/>
        <NavigationProperty Name="Products" Type="Collection(Northwind.Products)"/>
      </EntityType>
      <EntityType Name="Suppliers">
        <Key>
          <PropertyRef Name="ID"/>
        </Key>
        <Property Name="ID" Type="Edm.Int32" Nullable="false"/>
        <Property Name="Name" Type="Edm.String"/>
        <Property Name="Address" Type="Northwind.Address"/>
        <Property Name="Location" Type="Edm.GeographyPoint"/>
        <Property Name="Concurrency" Type="Edm.Int32" Nullable="false"/>
        <NavigationProperty Name="Products" Type="Collection(Northwind.Products)"/>
      </EntityType>
      <EntityType Name="Persons" OpenType="true">
        <Key>
          <PropertyRef Name="ID"/>
        </Key>
        <Property Name="ID" Type="Edm.Int32" Nullable="false"/>
        <Property Name="Name" Type="Edm.String"/>
        <NavigationProperty Name="PersonDetail" Type="Northwind.PersonDetails"/>
      </EntityType>
      <EntityType Name="PersonDetails">
        <Key>
          <PropertyRef Name="PersonID"/>
        </Key>
        <Property Name="PersonID" Type="Edm.Int32" Nullable="false"/>
        <Property Name="Age" Type="Edm.Byte" Nullable="false"/>
        <Property Name="Gender" Type="Edm.Boolean" Nullable="false"/>
        <Property Name="Phone" Type="Edm.String"/>
        <Property Name="Address" Type="Northwind.Address"/>
        <Property Name="Photo" Type="Edm.Stream" Nullable="false"/>
        <NavigationProperty Name="Person" Type="Northwind.Persons"/>
      </EntityType>
      <EntityType Name="Advertisements">
        <Key>
          <PropertyRef Name="ID"/>
        </Key>
        <Property Name="ID" Type="Edm.Guid" Nullable="false"/>
        <Property Name="Name" Type="Edm.String"/>
        <Property Name="AirDate" Type="Edm.DateTimeOffset" Precision="0" Nullable="false"/>
        <NavigationProperty Name="FeaturedProduct" Type="Northwind.FeaturedProduct"/>
        <Property Name="blob" Type="Edm.Stream"/>
      </EntityType>
      <ComplexType Name="Address">
        <Property Name="Street" Type="Edm.String"/>
        <Property Name="City" Type="Edm.String"/>
        <Property Name="State" Type="Edm.String"/>
        <Property Name="ZipCode" Type="Edm.String"/>
        <Property Name="Country" Type="Edm.String"/>
      </ComplexType>
      <Annotations Target="Northwind.PersonDetails/Photo">
        <Annotation Term="Core.MediaType" String="application/octet-stream"/>
      </Annotations>
      <Annotations Target="Northwind.Advertisements/blob">
        <Annotation Term="Core.MediaType" String="application/octet-stream"/>
      </Annotations>
    </Schema>
  </edmx:DataServices>
</edmx:Edmx>