<?xml version="1.0" encoding="utf-8"?>
<edmx:Edmx Version="4.0" xmlns:edmx="http://docs.oasis-open.org/odata/ns/edmx">
    <edmx:Reference Uri="https://sap.github.io/odata-vocabularies/vocabularies/Common.xml">
        <edmx:Include Alias="Common" Namespace="com.sap.vocabularies.Common.v1"/>
    </edmx:Reference>
    <edmx:Reference Uri="https://oasis-tcs.github.io/odata-vocabularies/vocabularies/Org.OData.Core.V1.xml">
        <edmx:Include Alias="Core" Namespace="Org.OData.Core.V1"/>
    </edmx:Reference>
    <edmx:DataServices>
        <Schema Namespace="CatalogService" xmlns="http://docs.oasis-open.org/odata/ns/edm">
            <EntityContainer Name="EntityContainer">
                <EntitySet Name="Products" EntityType="CatalogService.Products"/>
                <EntitySet Name="PersonDetail" EntityType="CatalogService.PersonDetail"/>
            </EntityContainer>
            <EntityType Name="Products" OpenType="true">
                <Key>
                    <PropertyRef Name="ID"/>
                </Key>
                <Property Name="ID" Type="Edm.Int32" Nullable="false"/>
                <Property Name="Name" Type="Edm.String"/>
                <Property Name="Description" Type="Edm.String"/>
                <Property Name="ReleaseDate" Type="Edm.DateTimeOffset" Precision="0" Nullable="false"/>
                <Property Name="DiscontinuedDate" Type="Edm.DateTimeOffset" Precision="0"/>
                <Property Name="Rating" Type="Edm.Int32" Nullable="false"/>
                <Property Name="Price" Type="Edm.Double" Nullable="false"/>
            </EntityType>
            <EntityType Name="PersonDetail">
                <Key>
                    <PropertyRef Name="PersonID"/>
                </Key>
                <Property Name="PersonID" Type="Edm.Int32" Nullable="false"/>
                <Property Name="Age" Type="Edm.Byte" Nullable="false"/>
                <Property Name="Gender" Type="Edm.Boolean" Nullable="false"/>
                <Property Name="Phone" Type="Edm.String"/>
            </EntityType>
        </Schema>
    </edmx:DataServices>
</edmx:Edmx>