{
  "view/ClientCreation.view.xml": 1708955963294,
  "controller/ClientCreation.controller.js": 1708955963294,
  "model/models.js": 1708955963294,
  "controller/ProposalForm.controller.js": 1710760672564,
  "controller/Proposal.controller.js": 1708955963294,
  "controller/Main.controller.js": 1708955963294,
  "manifest.json": 1710830338468,
  "controller/App.controller.js": 1708955963294,
  "Component.js": 1708955963294,
  "Component-preload.js": 1710830338894,
  "controller/Proposal-dbg.controller.js": 1708955963294,
  "controller/ProposalForm-dbg.controller.js": 1710760672564,
  "model/models-dbg.js": 1708955963294,
  "controller/Main-dbg.controller.js": 1708955963294,
  "controller/ClientCreation-dbg.controller.js": 1708955963294,
  "controller/App-dbg.controller.js": 1708955963294,
  "Component-dbg.js": 1708955963294,
  "view/ProposalForm.view.xml": 1710484198800,
  "view/Proposal.view.xml": 1708955963294,
  "view/Main.view.xml": 1708955963294,
  "i18n/i18n.properties": 1708955963294,
  "view/App.view.xml": 1708955963294,
  "css/style.css": 1708955963294,
  "index.html": 1708955963294
}