<?xml version="1.0" encoding="utf-8"?>
<edmx:Edmx Version="4.0" xmlns:edmx="http://docs.oasis-open.org/odata/ns/edmx">
    <edmx:Reference Uri="https://sap.github.io/odata-vocabularies/vocabularies/Common.xml">
        <edmx:Include Alias="Common" Namespace="com.sap.vocabularies.Common.v1"/>
    </edmx:Reference>
    <edmx:Reference Uri="https://oasis-tcs.github.io/odata-vocabularies/vocabularies/Org.OData.Core.V1.xml">
        <edmx:Include Alias="Core" Namespace="Org.OData.Core.V1"/>
    </edmx:Reference>
    <edmx:Reference Uri="https://sap.github.io/odata-vocabularies/vocabularies/UI.xml">
        <edmx:Include Alias="UI" Namespace="com.sap.vocabularies.UI.v1"/>
    </edmx:Reference>
    <edmx:DataServices>
        <Schema Namespace="DatabaseService" xmlns="http://docs.oasis-open.org/odata/ns/edm">
            <EntityContainer Name="EntityContainer">
                <EntitySet Name="Company" EntityType="DatabaseService.Company">
                    <NavigationPropertyBinding Path="employees" Target="Employee"/>
                    <NavigationPropertyBinding Path="itPark" Target="ItPark"/>
                </EntitySet>
                <EntitySet Name="Employee" EntityType="DatabaseService.Employee">
                    <NavigationPropertyBinding Path="company" Target="Company"/>
                </EntitySet>
                <EntitySet Name="FoodCourt" EntityType="DatabaseService.FoodCourt"/>
                <EntitySet Name="ItPark" EntityType="DatabaseService.ItPark">
                    <NavigationPropertyBinding Path="foodCourt" Target="FoodCourt"/>
                    <NavigationPropertyBinding Path="client" Target="Company"/>
                </EntitySet>
            </EntityContainer>
            <EntityType Name="Company">
                <Key>
                    <PropertyRef Name="ID"/>
                </Key>
                <Property Name="ID" Type="Edm.Guid" Nullable="false"/>
                <Property Name="createdAt" Type="Edm.DateTimeOffset" Precision="7"/>
                <Property Name="createdBy" Type="Edm.String" MaxLength="255"/>
                <Property Name="modifiedAt" Type="Edm.DateTimeOffset" Precision="7"/>
                <Property Name="modifiedBy" Type="Edm.String" MaxLength="255"/>
                <Property Name="name" Type="Edm.String" MaxLength="50"/>
                <Property Name="location" Type="Edm.String" MaxLength="50"/>
                <Property Name="employeeCount" Type="Edm.Int32"/>
                <NavigationProperty Name="employees" Type="Collection(DatabaseService.Employee)" Partner="company"/>
                <NavigationProperty Name="itPark" Type="DatabaseService.ItPark" Partner="client">
                    <ReferentialConstraint Property="itPark_ID" ReferencedProperty="ID"/>
                </NavigationProperty>
                <Property Name="itPark_ID" Type="Edm.Guid"/>
            </EntityType>
            <EntityType Name="Employee">
                <Key>
                    <PropertyRef Name="ID"/>
                </Key>
                <NavigationProperty Name="company" Type="DatabaseService.Company" Partner="employees">
                    <ReferentialConstraint Property="company_ID" ReferencedProperty="ID"/>
                </NavigationProperty>
                <Property Name="company_ID" Type="Edm.Guid"/>
                <Property Name="ID" Type="Edm.Guid" Nullable="false"/>
                <Property Name="name" Type="Edm.String" MaxLength="50"/>
                <Property Name="email" Type="Edm.String" MaxLength="50"/>
                <Property Name="contactNumber" Type="Edm.Int64"/>
                <Property Name="designation" Type="Edm.String" MaxLength="50"/>
            </EntityType>
            <EntityType Name="FoodCourt">
                <Key>
                    <PropertyRef Name="ID"/>
                </Key>
                <Property Name="createdAt" Type="Edm.DateTimeOffset" Precision="7"/>
                <Property Name="createdBy" Type="Edm.String" MaxLength="255"/>
                <Property Name="modifiedAt" Type="Edm.DateTimeOffset" Precision="7"/>
                <Property Name="modifiedBy" Type="Edm.String" MaxLength="255"/>
                <Property Name="ID" Type="Edm.Guid" Nullable="false"/>
                <Property Name="name" Type="Edm.String"/>
                <Property Name="merchandiseCount" Type="Edm.Int32"/>
            </EntityType>
            <EntityType Name="ItPark">
                <Key>
                    <PropertyRef Name="ID"/>
                </Key>
                <Property Name="ID" Type="Edm.Guid" Nullable="false"/>
                <Property Name="createdAt" Type="Edm.DateTimeOffset" Precision="7"/>
                <Property Name="createdBy" Type="Edm.String" MaxLength="255"/>
                <Property Name="modifiedAt" Type="Edm.DateTimeOffset" Precision="7"/>
                <Property Name="modifiedBy" Type="Edm.String" MaxLength="255"/>
                <Property Name="name" Type="Edm.String"/>
                <Property Name="city" Type="Edm.String"/>
                <Property Name="locality" Type="Edm.String"/>
                <Property Name="pincode" Type="Edm.Int32"/>
                <NavigationProperty Name="foodCourt" Type="DatabaseService.FoodCourt">
                    <ReferentialConstraint Property="foodCourt_ID" ReferencedProperty="ID"/>
                </NavigationProperty>
                <Property Name="foodCourt_ID" Type="Edm.Guid"/>
                <NavigationProperty Name="client" Type="Collection(DatabaseService.Company)" Partner="itPark"/>
            </EntityType>
            <Annotations Target="DatabaseService.Company/createdAt">
                <Annotation Term="UI.HiddenFilter" Bool="true"/>
                <Annotation Term="Core.Immutable" Bool="true"/>
                <Annotation Term="Core.Computed" Bool="true"/>
                <Annotation Term="Common.Label" String="{i18n>CreatedAt}"/>
                </Annotations>
                <Annotations Target="DatabaseService.Company/createdBy">
                    <Annotation Term="UI.HiddenFilter" Bool="true"/>
                    <Annotation Term="Core.Immutable" Bool="true"/>
                    <Annotation Term="Core.Computed" Bool="true"/>
                    <Annotation Term="Core.Description" String="{i18n>UserID.Description}"/>
                        <Annotation Term="Common.Label" String="{i18n>CreatedBy}"/>
                        </Annotations>
                        <Annotations Target="DatabaseService.Company/modifiedAt">
                            <Annotation Term="UI.HiddenFilter" Bool="true"/>
                            <Annotation Term="Core.Computed" Bool="true"/>
                            <Annotation Term="Common.Label" String="{i18n>ChangedAt}"/>
                            </Annotations>
                            <Annotations Target="DatabaseService.Company/modifiedBy">
                                <Annotation Term="UI.HiddenFilter" Bool="true"/>
                                <Annotation Term="Core.Computed" Bool="true"/>
                                <Annotation Term="Core.Description" String="{i18n>UserID.Description}"/>
                                    <Annotation Term="Common.Label" String="{i18n>ChangedBy}"/>
                                    </Annotations>
                                    <Annotations Target="DatabaseService.FoodCourt/createdAt">
                                        <Annotation Term="UI.HiddenFilter" Bool="true"/>
                                        <Annotation Term="Core.Immutable" Bool="true"/>
                                        <Annotation Term="Core.Computed" Bool="true"/>
                                        <Annotation Term="Common.Label" String="{i18n>CreatedAt}"/>
                                        </Annotations>
                                        <Annotations Target="DatabaseService.FoodCourt/createdBy">
                                            <Annotation Term="UI.HiddenFilter" Bool="true"/>
                                            <Annotation Term="Core.Immutable" Bool="true"/>
                                            <Annotation Term="Core.Computed" Bool="true"/>
                                            <Annotation Term="Core.Description" String="{i18n>UserID.Description}"/>
                                                <Annotation Term="Common.Label" String="{i18n>CreatedBy}"/>
                                                </Annotations>
                                                <Annotations Target="DatabaseService.FoodCourt/modifiedAt">
                                                    <Annotation Term="UI.HiddenFilter" Bool="true"/>
                                                    <Annotation Term="Core.Computed" Bool="true"/>
                                                    <Annotation Term="Common.Label" String="{i18n>ChangedAt}"/>
                                                    </Annotations>
                                                    <Annotations Target="DatabaseService.FoodCourt/modifiedBy">
                                                        <Annotation Term="UI.HiddenFilter" Bool="true"/>
                                                        <Annotation Term="Core.Computed" Bool="true"/>
                                                        <Annotation Term="Core.Description" String="{i18n>UserID.Description}"/>
                                                            <Annotation Term="Common.Label" String="{i18n>ChangedBy}"/>
                                                            </Annotations>
                                                            <Annotations Target="DatabaseService.ItPark/createdAt">
                                                                <Annotation Term="UI.HiddenFilter" Bool="true"/>
                                                                <Annotation Term="Core.Immutable" Bool="true"/>
                                                                <Annotation Term="Core.Computed" Bool="true"/>
                                                                <Annotation Term="Common.Label" String="{i18n>CreatedAt}"/>
                                                                </Annotations>
                                                                <Annotations Target="DatabaseService.ItPark/createdBy">
                                                                    <Annotation Term="UI.HiddenFilter" Bool="true"/>
                                                                    <Annotation Term="Core.Immutable" Bool="true"/>
                                                                    <Annotation Term="Core.Computed" Bool="true"/>
                                                                    <Annotation Term="Core.Description" String="{i18n>UserID.Description}"/>
                                                                        <Annotation Term="Common.Label" String="{i18n>CreatedBy}"/>
                                                                        </Annotations>
                                                                        <Annotations Target="DatabaseService.ItPark/modifiedAt">
                                                                            <Annotation Term="UI.HiddenFilter" Bool="true"/>
                                                                            <Annotation Term="Core.Computed" Bool="true"/>
                                                                            <Annotation Term="Common.Label" String="{i18n>ChangedAt}"/>
                                                                            </Annotations>
                                                                            <Annotations Target="DatabaseService.ItPark/modifiedBy">
                                                                                <Annotation Term="UI.HiddenFilter" Bool="true"/>
                                                                                <Annotation Term="Core.Computed" Bool="true"/>
                                                                                <Annotation Term="Core.Description" String="{i18n>UserID.Description}"/>
                                                                                    <Annotation Term="Common.Label" String="{i18n>ChangedBy}"/>
                                                                                    </Annotations>
                                                                                </Schema>
                                                                            </edmx:DataServices>
                                                                        </edmx:Edmx>